HRU,SC,ORDEN,QF,OBS,SEG,ESTAC
1,1,1,1,1,1,Estero Pocuro en el Sifon
3,1,1,1,1,1,Estero Pocuro en el Sifon
4,1,1,1,1,1,Estero Pocuro en el Sifon
9,1,1,1,1,1,Estero Pocuro en el Sifon
10,1,1,1,1,1,Estero Pocuro en el Sifon
11,1,1,1,1,1,Estero Pocuro en el Sifon
12,1,1,1,1,1,Estero Pocuro en el Sifon
13,1,1,1,1,1,Estero Pocuro en el Sifon
14,1,1,1,1,1,Estero Pocuro en el Sifon
15,1,1,1,1,1,Estero Pocuro en el Sifon
21,1,1,1,1,1,Estero Pocuro en el Sifon
22,1,1,1,1,1,Estero Pocuro en el Sifon
23,1,1,1,1,1,Estero Pocuro en el Sifon
24,1,1,1,1,1,Estero Pocuro en el Sifon
25,1,1,1,1,1,Estero Pocuro en el Sifon
26,1,1,1,1,1,Estero Pocuro en el Sifon
27,1,1,1,1,1,Estero Pocuro en el Sifon
28,1,1,1,1,1,Estero Pocuro en el Sifon
29,1,1,1,1,1,Estero Pocuro en el Sifon
35,1,1,1,1,1,Estero Pocuro en el Sifon
36,1,1,1,1,1,Estero Pocuro en el Sifon
37,1,1,1,1,1,Estero Pocuro en el Sifon
38,1,1,1,1,1,Estero Pocuro en el Sifon
39,1,1,1,1,1,Estero Pocuro en el Sifon
40,1,1,1,1,1,Estero Pocuro en el Sifon
41,1,1,1,1,1,Estero Pocuro en el Sifon
42,1,1,1,1,1,Estero Pocuro en el Sifon
43,1,1,1,1,1,Estero Pocuro en el Sifon
44,1,1,1,1,1,Estero Pocuro en el Sifon
50,1,1,1,1,1,Estero Pocuro en el Sifon
51,1,1,1,1,1,Estero Pocuro en el Sifon
52,1,1,1,1,1,Estero Pocuro en el Sifon
53,1,1,1,1,1,Estero Pocuro en el Sifon
54,1,1,1,1,1,Estero Pocuro en el Sifon
55,1,1,1,1,1,Estero Pocuro en el Sifon
56,1,1,1,1,1,Estero Pocuro en el Sifon
57,1,1,1,1,1,Estero Pocuro en el Sifon
58,1,1,1,1,1,Estero Pocuro en el Sifon
67,1,1,1,1,1,Estero Pocuro en el Sifon
68,1,1,1,1,1,Estero Pocuro en el Sifon
69,1,1,1,1,1,Estero Pocuro en el Sifon
70,1,1,1,1,1,Estero Pocuro en el Sifon
71,1,1,1,1,1,Estero Pocuro en el Sifon
72,1,1,1,1,1,Estero Pocuro en el Sifon
73,1,1,1,1,1,Estero Pocuro en el Sifon
74,1,1,1,1,1,Estero Pocuro en el Sifon
84,1,1,1,1,1,Estero Pocuro en el Sifon
85,1,1,1,1,1,Estero Pocuro en el Sifon
86,1,1,1,1,1,Estero Pocuro en el Sifon
87,1,1,1,1,1,Estero Pocuro en el Sifon
88,1,1,1,1,1,Estero Pocuro en el Sifon
89,1,1,1,1,1,Estero Pocuro en el Sifon
90,1,1,1,1,1,Estero Pocuro en el Sifon
91,1,1,1,1,1,Estero Pocuro en el Sifon
102,1,1,1,1,1,Estero Pocuro en el Sifon
103,1,1,1,1,1,Estero Pocuro en el Sifon
104,1,1,1,1,1,Estero Pocuro en el Sifon
105,1,1,1,1,1,Estero Pocuro en el Sifon
106,1,1,1,1,1,Estero Pocuro en el Sifon
107,1,1,1,1,1,Estero Pocuro en el Sifon
108,1,1,1,1,1,Estero Pocuro en el Sifon
120,1,1,1,1,1,Estero Pocuro en el Sifon
121,1,1,1,1,1,Estero Pocuro en el Sifon
122,1,1,1,1,1,Estero Pocuro en el Sifon
123,1,1,1,1,1,Estero Pocuro en el Sifon
124,1,1,1,1,1,Estero Pocuro en el Sifon
125,1,1,1,1,1,Estero Pocuro en el Sifon
139,1,1,1,1,1,Estero Pocuro en el Sifon
140,1,1,1,1,1,Estero Pocuro en el Sifon
141,1,1,1,1,1,Estero Pocuro en el Sifon
142,1,1,1,1,1,Estero Pocuro en el Sifon
143,1,1,1,1,1,Estero Pocuro en el Sifon
144,1,1,1,1,1,Estero Pocuro en el Sifon
162,1,1,1,1,1,Estero Pocuro en el Sifon
163,1,1,1,1,1,Estero Pocuro en el Sifon
164,1,1,1,1,1,Estero Pocuro en el Sifon
165,1,1,1,1,1,Estero Pocuro en el Sifon
166,1,1,1,1,1,Estero Pocuro en el Sifon
167,1,1,1,1,1,Estero Pocuro en el Sifon
168,1,1,1,1,1,Estero Pocuro en el Sifon
185,1,1,1,1,1,Estero Pocuro en el Sifon
186,1,1,1,1,1,Estero Pocuro en el Sifon
187,1,1,1,1,1,Estero Pocuro en el Sifon
188,1,1,1,1,1,Estero Pocuro en el Sifon
189,1,1,1,1,1,Estero Pocuro en el Sifon
190,1,1,1,1,1,Estero Pocuro en el Sifon
191,1,1,1,1,1,Estero Pocuro en el Sifon
192,1,1,1,1,1,Estero Pocuro en el Sifon
211,1,1,1,1,1,Estero Pocuro en el Sifon
212,1,1,1,1,1,Estero Pocuro en el Sifon
213,1,1,1,1,1,Estero Pocuro en el Sifon
214,1,1,1,1,1,Estero Pocuro en el Sifon
215,1,1,1,1,1,Estero Pocuro en el Sifon
216,1,1,1,1,1,Estero Pocuro en el Sifon
217,1,1,1,1,1,Estero Pocuro en el Sifon
237,1,1,1,1,1,Estero Pocuro en el Sifon
238,1,1,1,1,1,Estero Pocuro en el Sifon
239,1,1,1,1,1,Estero Pocuro en el Sifon
240,1,1,1,1,1,Estero Pocuro en el Sifon
241,1,1,1,1,1,Estero Pocuro en el Sifon
242,1,1,1,1,1,Estero Pocuro en el Sifon
267,1,1,1,1,1,Estero Pocuro en el Sifon
268,1,1,1,1,1,Estero Pocuro en el Sifon
269,1,1,1,1,1,Estero Pocuro en el Sifon
270,1,1,1,1,1,Estero Pocuro en el Sifon
271,1,1,1,1,1,Estero Pocuro en el Sifon
294,1,1,1,1,1,Estero Pocuro en el Sifon
295,1,1,1,1,1,Estero Pocuro en el Sifon
296,1,1,1,1,1,Estero Pocuro en el Sifon
297,1,1,1,1,1,Estero Pocuro en el Sifon
320,1,1,1,1,1,Estero Pocuro en el Sifon
321,1,1,1,1,1,Estero Pocuro en el Sifon
322,1,1,1,1,1,Estero Pocuro en el Sifon
323,1,1,1,1,1,Estero Pocuro en el Sifon
347,1,1,1,1,1,Estero Pocuro en el Sifon
348,1,1,1,1,1,Estero Pocuro en el Sifon
349,1,1,1,1,1,Estero Pocuro en el Sifon
351,1,1,1,1,1,Estero Pocuro en el Sifon
375,1,1,1,1,1,Estero Pocuro en el Sifon
377,1,1,1,1,1,Estero Pocuro en el Sifon
403,1,1,1,1,1,Estero Pocuro en el Sifon
431,1,1,1,1,1,Estero Pocuro en el Sifon
16,2,2,1,1,1,Estero Pocuro en el Sifon
30,2,2,1,1,1,Estero Pocuro en el Sifon
31,2,2,1,1,1,Estero Pocuro en el Sifon
45,2,2,1,1,1,Estero Pocuro en el Sifon
46,2,2,1,1,1,Estero Pocuro en el Sifon
47,2,2,1,1,1,Estero Pocuro en el Sifon
59,2,2,1,1,1,Estero Pocuro en el Sifon
60,2,2,1,1,1,Estero Pocuro en el Sifon
61,2,2,1,1,1,Estero Pocuro en el Sifon
62,2,2,1,1,1,Estero Pocuro en el Sifon
63,2,2,1,1,1,Estero Pocuro en el Sifon
64,2,2,1,1,1,Estero Pocuro en el Sifon
75,2,2,1,1,1,Estero Pocuro en el Sifon
76,2,2,1,1,1,Estero Pocuro en el Sifon
77,2,2,1,1,1,Estero Pocuro en el Sifon
79,2,2,1,1,1,Estero Pocuro en el Sifon
80,2,2,1,1,1,Estero Pocuro en el Sifon
92,2,2,1,1,1,Estero Pocuro en el Sifon
109,2,2,1,1,1,Estero Pocuro en el Sifon
119,2,2,1,1,1,Estero Pocuro en el Sifon
126,2,2,1,1,1,Estero Pocuro en el Sifon
127,2,2,1,1,1,Estero Pocuro en el Sifon
137,2,2,1,1,1,Estero Pocuro en el Sifon
138,2,2,1,1,1,Estero Pocuro en el Sifon
145,2,2,1,1,1,Estero Pocuro en el Sifon
146,2,2,1,1,1,Estero Pocuro en el Sifon
160,2,2,1,1,1,Estero Pocuro en el Sifon
161,2,2,1,1,1,Estero Pocuro en el Sifon
169,2,2,1,1,1,Estero Pocuro en el Sifon
183,2,2,1,1,1,Estero Pocuro en el Sifon
184,2,2,1,1,1,Estero Pocuro en el Sifon
193,2,2,1,1,1,Estero Pocuro en el Sifon
194,2,2,1,1,1,Estero Pocuro en el Sifon
207,2,2,1,1,1,Estero Pocuro en el Sifon
208,2,2,1,1,1,Estero Pocuro en el Sifon
209,2,2,1,1,1,Estero Pocuro en el Sifon
210,2,2,1,1,1,Estero Pocuro en el Sifon
218,2,2,1,1,1,Estero Pocuro en el Sifon
219,2,2,1,1,1,Estero Pocuro en el Sifon
236,2,2,1,1,1,Estero Pocuro en el Sifon
243,2,2,1,1,1,Estero Pocuro en el Sifon
244,2,2,1,1,1,Estero Pocuro en el Sifon
245,2,2,1,1,1,Estero Pocuro en el Sifon
263,2,2,1,1,1,Estero Pocuro en el Sifon
264,2,2,1,1,1,Estero Pocuro en el Sifon
265,2,2,1,1,1,Estero Pocuro en el Sifon
266,2,2,1,1,1,Estero Pocuro en el Sifon
272,2,2,1,1,1,Estero Pocuro en el Sifon
273,2,2,1,1,1,Estero Pocuro en el Sifon
291,2,2,1,1,1,Estero Pocuro en el Sifon
292,2,2,1,1,1,Estero Pocuro en el Sifon
293,2,2,1,1,1,Estero Pocuro en el Sifon
298,2,2,1,1,1,Estero Pocuro en el Sifon
317,2,2,1,1,1,Estero Pocuro en el Sifon
318,2,2,1,1,1,Estero Pocuro en el Sifon
319,2,2,1,1,1,Estero Pocuro en el Sifon
324,2,2,1,1,1,Estero Pocuro en el Sifon
325,2,2,1,1,1,Estero Pocuro en el Sifon
343,2,2,1,1,1,Estero Pocuro en el Sifon
345,2,2,1,1,1,Estero Pocuro en el Sifon
346,2,2,1,1,1,Estero Pocuro en el Sifon
350,2,2,1,1,1,Estero Pocuro en el Sifon
352,2,2,1,1,1,Estero Pocuro en el Sifon
353,2,2,1,1,1,Estero Pocuro en el Sifon
354,2,2,1,1,1,Estero Pocuro en el Sifon
355,2,2,1,1,1,Estero Pocuro en el Sifon
356,2,2,1,1,1,Estero Pocuro en el Sifon
373,2,2,1,1,1,Estero Pocuro en el Sifon
374,2,2,1,1,1,Estero Pocuro en el Sifon
376,2,2,1,1,1,Estero Pocuro en el Sifon
378,2,2,1,1,1,Estero Pocuro en el Sifon
379,2,2,1,1,1,Estero Pocuro en el Sifon
380,2,2,1,1,1,Estero Pocuro en el Sifon
381,2,2,1,1,1,Estero Pocuro en el Sifon
382,2,2,1,1,1,Estero Pocuro en el Sifon
398,2,2,1,1,1,Estero Pocuro en el Sifon
399,2,2,1,1,1,Estero Pocuro en el Sifon
400,2,2,1,1,1,Estero Pocuro en el Sifon
401,2,2,1,1,1,Estero Pocuro en el Sifon
402,2,2,1,1,1,Estero Pocuro en el Sifon
404,2,2,1,1,1,Estero Pocuro en el Sifon
405,2,2,1,1,1,Estero Pocuro en el Sifon
406,2,2,1,1,1,Estero Pocuro en el Sifon
408,2,2,1,1,1,Estero Pocuro en el Sifon
409,2,2,1,1,1,Estero Pocuro en el Sifon
410,2,2,1,1,1,Estero Pocuro en el Sifon
428,2,2,1,1,1,Estero Pocuro en el Sifon
429,2,2,1,1,1,Estero Pocuro en el Sifon
430,2,2,1,1,1,Estero Pocuro en el Sifon
432,2,2,1,1,1,Estero Pocuro en el Sifon
436,2,2,1,1,1,Estero Pocuro en el Sifon
437,2,2,1,1,1,Estero Pocuro en el Sifon
454,2,2,1,1,1,Estero Pocuro en el Sifon
455,2,2,1,1,1,Estero Pocuro en el Sifon
456,2,2,1,1,1,Estero Pocuro en el Sifon
457,2,2,1,1,1,Estero Pocuro en el Sifon
458,2,2,1,1,1,Estero Pocuro en el Sifon
459,2,2,1,1,1,Estero Pocuro en el Sifon
462,2,2,1,1,1,Estero Pocuro en el Sifon
479,2,2,1,1,1,Estero Pocuro en el Sifon
480,2,2,1,1,1,Estero Pocuro en el Sifon
481,2,2,1,1,1,Estero Pocuro en el Sifon
482,2,2,1,1,1,Estero Pocuro en el Sifon
483,2,2,1,1,1,Estero Pocuro en el Sifon
484,2,2,1,1,1,Estero Pocuro en el Sifon
505,2,2,1,1,1,Estero Pocuro en el Sifon
506,2,2,1,1,1,Estero Pocuro en el Sifon
507,2,2,1,1,1,Estero Pocuro en el Sifon
508,2,2,1,1,1,Estero Pocuro en el Sifon
509,2,2,1,1,1,Estero Pocuro en el Sifon
530,2,2,1,1,1,Estero Pocuro en el Sifon
531,2,2,1,1,1,Estero Pocuro en el Sifon
532,2,2,1,1,1,Estero Pocuro en el Sifon
533,2,2,1,1,1,Estero Pocuro en el Sifon
534,2,2,1,1,1,Estero Pocuro en el Sifon
535,2,2,1,1,1,Estero Pocuro en el Sifon
555,2,2,1,1,1,Estero Pocuro en el Sifon
556,2,2,1,1,1,Estero Pocuro en el Sifon
558,2,2,1,1,1,Estero Pocuro en el Sifon
559,2,2,1,1,1,Estero Pocuro en el Sifon
579,2,2,1,1,1,Estero Pocuro en el Sifon
17,3,3,1,1,1,Estero Pocuro en el Sifon
18,3,3,1,1,1,Estero Pocuro en el Sifon
19,3,3,1,1,1,Estero Pocuro en el Sifon
32,3,3,1,1,1,Estero Pocuro en el Sifon
33,3,3,1,1,1,Estero Pocuro en el Sifon
34,3,3,1,1,1,Estero Pocuro en el Sifon
48,3,3,1,1,1,Estero Pocuro en el Sifon
78,3,3,1,1,1,Estero Pocuro en el Sifon
81,3,3,1,1,1,Estero Pocuro en el Sifon
93,3,3,1,1,1,Estero Pocuro en el Sifon
94,3,3,1,1,1,Estero Pocuro en el Sifon
95,3,3,1,1,1,Estero Pocuro en el Sifon
96,3,3,1,1,1,Estero Pocuro en el Sifon
97,3,3,1,1,1,Estero Pocuro en el Sifon
98,3,3,1,1,1,Estero Pocuro en el Sifon
110,3,3,1,1,1,Estero Pocuro en el Sifon
113,3,3,1,1,1,Estero Pocuro en el Sifon
128,3,3,1,1,1,Estero Pocuro en el Sifon
147,3,3,1,1,1,Estero Pocuro en el Sifon
158,3,3,1,1,1,Estero Pocuro en el Sifon
159,3,3,1,1,1,Estero Pocuro en el Sifon
170,3,3,1,1,1,Estero Pocuro en el Sifon
171,3,3,1,1,1,Estero Pocuro en el Sifon
180,3,3,1,1,1,Estero Pocuro en el Sifon
181,3,3,1,1,1,Estero Pocuro en el Sifon
182,3,3,1,1,1,Estero Pocuro en el Sifon
195,3,3,1,1,1,Estero Pocuro en el Sifon
206,3,3,1,1,1,Estero Pocuro en el Sifon
220,3,3,1,1,1,Estero Pocuro en el Sifon
233,3,3,1,1,1,Estero Pocuro en el Sifon
234,3,3,1,1,1,Estero Pocuro en el Sifon
235,3,3,1,1,1,Estero Pocuro en el Sifon
246,3,3,1,1,1,Estero Pocuro en el Sifon
262,3,3,1,1,1,Estero Pocuro en el Sifon
288,3,3,1,1,1,Estero Pocuro en el Sifon
289,3,3,1,1,1,Estero Pocuro en el Sifon
290,3,3,1,1,1,Estero Pocuro en el Sifon
299,3,3,1,1,1,Estero Pocuro en el Sifon
315,3,3,1,1,1,Estero Pocuro en el Sifon
316,3,3,1,1,1,Estero Pocuro en el Sifon
326,3,3,1,1,1,Estero Pocuro en el Sifon
327,3,3,1,1,1,Estero Pocuro en el Sifon
328,3,3,1,1,1,Estero Pocuro en el Sifon
329,3,3,1,1,1,Estero Pocuro en el Sifon
330,3,3,1,1,1,Estero Pocuro en el Sifon
331,3,3,1,1,1,Estero Pocuro en el Sifon
342,3,3,1,1,1,Estero Pocuro en el Sifon
344,3,3,1,1,1,Estero Pocuro en el Sifon
357,3,3,1,1,1,Estero Pocuro en el Sifon
370,3,3,1,1,1,Estero Pocuro en el Sifon
371,3,3,1,1,1,Estero Pocuro en el Sifon
372,3,3,1,1,1,Estero Pocuro en el Sifon
383,3,3,1,1,1,Estero Pocuro en el Sifon
384,3,3,1,1,1,Estero Pocuro en el Sifon
407,3,3,1,1,1,Estero Pocuro en el Sifon
411,3,3,1,1,1,Estero Pocuro en el Sifon
412,3,3,1,1,1,Estero Pocuro en el Sifon
426,3,3,1,1,1,Estero Pocuro en el Sifon
427,3,3,1,1,1,Estero Pocuro en el Sifon
433,3,3,1,1,1,Estero Pocuro en el Sifon
434,3,3,1,1,1,Estero Pocuro en el Sifon
435,3,3,1,1,1,Estero Pocuro en el Sifon
438,3,3,1,1,1,Estero Pocuro en el Sifon
439,3,3,1,1,1,Estero Pocuro en el Sifon
440,3,3,1,1,1,Estero Pocuro en el Sifon
453,3,3,1,1,1,Estero Pocuro en el Sifon
460,3,3,1,1,1,Estero Pocuro en el Sifon
461,3,3,1,1,1,Estero Pocuro en el Sifon
463,3,3,1,1,1,Estero Pocuro en el Sifon
464,3,3,1,1,1,Estero Pocuro en el Sifon
467,3,3,1,1,1,Estero Pocuro en el Sifon
478,3,3,1,1,1,Estero Pocuro en el Sifon
485,3,3,1,1,1,Estero Pocuro en el Sifon
486,3,3,1,1,1,Estero Pocuro en el Sifon
487,3,3,1,1,1,Estero Pocuro en el Sifon
488,3,3,1,1,1,Estero Pocuro en el Sifon
503,3,3,1,1,1,Estero Pocuro en el Sifon
504,3,3,1,1,1,Estero Pocuro en el Sifon
510,3,3,1,1,1,Estero Pocuro en el Sifon
511,3,3,1,1,1,Estero Pocuro en el Sifon
512,3,3,1,1,1,Estero Pocuro en el Sifon
528,3,3,1,1,1,Estero Pocuro en el Sifon
529,3,3,1,1,1,Estero Pocuro en el Sifon
536,3,3,1,1,1,Estero Pocuro en el Sifon
537,3,3,1,1,1,Estero Pocuro en el Sifon
538,3,3,1,1,1,Estero Pocuro en el Sifon
552,3,3,1,1,1,Estero Pocuro en el Sifon
553,3,3,1,1,1,Estero Pocuro en el Sifon
554,3,3,1,1,1,Estero Pocuro en el Sifon
557,3,3,1,1,1,Estero Pocuro en el Sifon
560,3,3,1,1,1,Estero Pocuro en el Sifon
561,3,3,1,1,1,Estero Pocuro en el Sifon
562,3,3,1,1,1,Estero Pocuro en el Sifon
575,3,3,1,1,1,Estero Pocuro en el Sifon
576,3,3,1,1,1,Estero Pocuro en el Sifon
577,3,3,1,1,1,Estero Pocuro en el Sifon
578,3,3,1,1,1,Estero Pocuro en el Sifon
580,3,3,1,1,1,Estero Pocuro en el Sifon
581,3,3,1,1,1,Estero Pocuro en el Sifon
582,3,3,1,1,1,Estero Pocuro en el Sifon
583,3,3,1,1,1,Estero Pocuro en el Sifon
598,3,3,1,1,1,Estero Pocuro en el Sifon
600,3,3,1,1,1,Estero Pocuro en el Sifon
601,3,3,1,1,1,Estero Pocuro en el Sifon
602,3,3,1,1,1,Estero Pocuro en el Sifon
603,3,3,1,1,1,Estero Pocuro en el Sifon
604,3,3,1,1,1,Estero Pocuro en el Sifon
605,3,3,1,1,1,Estero Pocuro en el Sifon
606,3,3,1,1,1,Estero Pocuro en el Sifon
618,3,3,1,1,1,Estero Pocuro en el Sifon
619,3,3,1,1,1,Estero Pocuro en el Sifon
620,3,3,1,1,1,Estero Pocuro en el Sifon
621,3,3,1,1,1,Estero Pocuro en el Sifon
622,3,3,1,1,1,Estero Pocuro en el Sifon
623,3,3,1,1,1,Estero Pocuro en el Sifon
634,3,3,1,1,1,Estero Pocuro en el Sifon
635,3,3,1,1,1,Estero Pocuro en el Sifon
647,3,3,1,1,1,Estero Pocuro en el Sifon
648,3,3,1,1,1,Estero Pocuro en el Sifon
649,3,3,1,1,1,Estero Pocuro en el Sifon
661,3,3,1,1,1,Estero Pocuro en el Sifon
5,4,4,1,1,1,Estero Pocuro en el Sifon
6,4,4,1,1,1,Estero Pocuro en el Sifon
7,4,4,1,1,1,Estero Pocuro en el Sifon
8,4,4,1,1,1,Estero Pocuro en el Sifon
20,4,4,1,1,1,Estero Pocuro en el Sifon
49,4,4,1,1,1,Estero Pocuro en el Sifon
65,4,4,1,1,1,Estero Pocuro en el Sifon
82,4,4,1,1,1,Estero Pocuro en el Sifon
99,4,4,1,1,1,Estero Pocuro en el Sifon
100,4,4,1,1,1,Estero Pocuro en el Sifon
111,4,4,1,1,1,Estero Pocuro en el Sifon
112,4,4,1,1,1,Estero Pocuro en el Sifon
114,4,4,1,1,1,Estero Pocuro en el Sifon
115,4,4,1,1,1,Estero Pocuro en el Sifon
116,4,4,1,1,1,Estero Pocuro en el Sifon
117,4,4,1,1,1,Estero Pocuro en el Sifon
129,4,4,1,1,1,Estero Pocuro en el Sifon
130,4,4,1,1,1,Estero Pocuro en el Sifon
131,4,4,1,1,1,Estero Pocuro en el Sifon
148,4,4,1,1,1,Estero Pocuro en el Sifon
149,4,4,1,1,1,Estero Pocuro en el Sifon
156,4,4,1,1,1,Estero Pocuro en el Sifon
157,4,4,1,1,1,Estero Pocuro en el Sifon
172,4,4,1,1,1,Estero Pocuro en el Sifon
179,4,4,1,1,1,Estero Pocuro en el Sifon
196,4,4,1,1,1,Estero Pocuro en el Sifon
205,4,4,1,1,1,Estero Pocuro en el Sifon
221,4,4,1,1,1,Estero Pocuro en el Sifon
232,4,4,1,1,1,Estero Pocuro en el Sifon
247,4,4,1,1,1,Estero Pocuro en el Sifon
260,4,4,1,1,1,Estero Pocuro en el Sifon
261,4,4,1,1,1,Estero Pocuro en el Sifon
274,4,4,1,1,1,Estero Pocuro en el Sifon
275,4,4,1,1,1,Estero Pocuro en el Sifon
276,4,4,1,1,1,Estero Pocuro en el Sifon
277,4,4,1,1,1,Estero Pocuro en el Sifon
278,4,4,1,1,1,Estero Pocuro en el Sifon
279,4,4,1,1,1,Estero Pocuro en el Sifon
280,4,4,1,1,1,Estero Pocuro en el Sifon
287,4,4,1,1,1,Estero Pocuro en el Sifon
300,4,4,1,1,1,Estero Pocuro en el Sifon
301,4,4,1,1,1,Estero Pocuro en el Sifon
302,4,4,1,1,1,Estero Pocuro en el Sifon
303,4,4,1,1,1,Estero Pocuro en el Sifon
304,4,4,1,1,1,Estero Pocuro en el Sifon
305,4,4,1,1,1,Estero Pocuro en el Sifon
306,4,4,1,1,1,Estero Pocuro en el Sifon
307,4,4,1,1,1,Estero Pocuro en el Sifon
313,4,4,1,1,1,Estero Pocuro en el Sifon
314,4,4,1,1,1,Estero Pocuro en el Sifon
332,4,4,1,1,1,Estero Pocuro en el Sifon
333,4,4,1,1,1,Estero Pocuro en el Sifon
358,4,4,1,1,1,Estero Pocuro en el Sifon
359,4,4,1,1,1,Estero Pocuro en el Sifon
385,4,4,1,1,1,Estero Pocuro en el Sifon
386,4,4,1,1,1,Estero Pocuro en el Sifon
413,4,4,1,1,1,Estero Pocuro en el Sifon
441,4,4,1,1,1,Estero Pocuro en el Sifon
442,4,4,1,1,1,Estero Pocuro en el Sifon
444,4,4,1,1,1,Estero Pocuro en el Sifon
465,4,4,1,1,1,Estero Pocuro en el Sifon
466,4,4,1,1,1,Estero Pocuro en el Sifon
468,4,4,1,1,1,Estero Pocuro en el Sifon
469,4,4,1,1,1,Estero Pocuro en el Sifon
470,4,4,1,1,1,Estero Pocuro en el Sifon
489,4,4,1,1,1,Estero Pocuro en el Sifon
490,4,4,1,1,1,Estero Pocuro en el Sifon
491,4,4,1,1,1,Estero Pocuro en el Sifon
492,4,4,1,1,1,Estero Pocuro en el Sifon
493,4,4,1,1,1,Estero Pocuro en el Sifon
513,4,4,1,1,1,Estero Pocuro en el Sifon
514,4,4,1,1,1,Estero Pocuro en el Sifon
515,4,4,1,1,1,Estero Pocuro en el Sifon
516,4,4,1,1,1,Estero Pocuro en el Sifon
517,4,4,1,1,1,Estero Pocuro en el Sifon
518,4,4,1,1,1,Estero Pocuro en el Sifon
539,4,4,1,1,1,Estero Pocuro en el Sifon
563,4,4,1,1,1,Estero Pocuro en el Sifon
564,4,4,1,1,1,Estero Pocuro en el Sifon
584,4,4,1,1,1,Estero Pocuro en el Sifon
585,4,4,1,1,1,Estero Pocuro en el Sifon
586,4,4,1,1,1,Estero Pocuro en el Sifon
587,4,4,1,1,1,Estero Pocuro en el Sifon
588,4,4,1,1,1,Estero Pocuro en el Sifon
599,4,4,1,1,1,Estero Pocuro en el Sifon
607,4,4,1,1,1,Estero Pocuro en el Sifon
608,4,4,1,1,1,Estero Pocuro en el Sifon
609,4,4,1,1,1,Estero Pocuro en el Sifon
610,4,4,1,1,1,Estero Pocuro en el Sifon
616,4,4,1,1,1,Estero Pocuro en el Sifon
617,4,4,1,1,1,Estero Pocuro en el Sifon
624,4,4,1,1,1,Estero Pocuro en el Sifon
625,4,4,1,1,1,Estero Pocuro en el Sifon
626,4,4,1,1,1,Estero Pocuro en el Sifon
627,4,4,1,1,1,Estero Pocuro en el Sifon
632,4,4,1,1,1,Estero Pocuro en el Sifon
633,4,4,1,1,1,Estero Pocuro en el Sifon
636,4,4,1,1,1,Estero Pocuro en el Sifon
637,4,4,1,1,1,Estero Pocuro en el Sifon
638,4,4,1,1,1,Estero Pocuro en el Sifon
639,4,4,1,1,1,Estero Pocuro en el Sifon
640,4,4,1,1,1,Estero Pocuro en el Sifon
641,4,4,1,1,1,Estero Pocuro en el Sifon
646,4,4,1,1,1,Estero Pocuro en el Sifon
650,4,4,1,1,1,Estero Pocuro en el Sifon
651,4,4,1,1,1,Estero Pocuro en el Sifon
652,4,4,1,1,1,Estero Pocuro en el Sifon
659,4,4,1,1,1,Estero Pocuro en el Sifon
660,4,4,1,1,1,Estero Pocuro en el Sifon
662,4,4,1,1,1,Estero Pocuro en el Sifon
663,4,4,1,1,1,Estero Pocuro en el Sifon
664,4,4,1,1,1,Estero Pocuro en el Sifon
672,4,4,1,1,1,Estero Pocuro en el Sifon
673,4,4,1,1,1,Estero Pocuro en el Sifon
674,4,4,1,1,1,Estero Pocuro en el Sifon
675,4,4,1,1,1,Estero Pocuro en el Sifon
676,4,4,1,1,1,Estero Pocuro en el Sifon
685,4,4,1,1,1,Estero Pocuro en el Sifon
686,4,4,1,1,1,Estero Pocuro en el Sifon
687,4,4,1,1,1,Estero Pocuro en el Sifon
697,4,4,1,1,1,Estero Pocuro en el Sifon
2,5,5,1,1,1,Estero Pocuro en el Sifon
66,5,5,1,1,1,Estero Pocuro en el Sifon
83,5,5,1,1,1,Estero Pocuro en el Sifon
101,5,5,1,1,1,Estero Pocuro en el Sifon
118,5,5,1,1,1,Estero Pocuro en el Sifon
132,5,5,1,1,1,Estero Pocuro en el Sifon
133,5,5,1,1,1,Estero Pocuro en el Sifon
134,5,5,1,1,1,Estero Pocuro en el Sifon
135,5,5,1,1,1,Estero Pocuro en el Sifon
150,5,5,1,1,1,Estero Pocuro en el Sifon
151,5,5,1,1,1,Estero Pocuro en el Sifon
152,5,5,1,1,1,Estero Pocuro en el Sifon
173,5,5,1,1,1,Estero Pocuro en el Sifon
174,5,5,1,1,1,Estero Pocuro en el Sifon
197,5,5,1,1,1,Estero Pocuro en el Sifon
198,5,5,1,1,1,Estero Pocuro en el Sifon
204,5,5,1,1,1,Estero Pocuro en el Sifon
222,5,5,1,1,1,Estero Pocuro en el Sifon
223,5,5,1,1,1,Estero Pocuro en el Sifon
224,5,5,1,1,1,Estero Pocuro en el Sifon
225,5,5,1,1,1,Estero Pocuro en el Sifon
226,5,5,1,1,1,Estero Pocuro en el Sifon
227,5,5,1,1,1,Estero Pocuro en el Sifon
231,5,5,1,1,1,Estero Pocuro en el Sifon
248,5,5,1,1,1,Estero Pocuro en el Sifon
249,5,5,1,1,1,Estero Pocuro en el Sifon
250,5,5,1,1,1,Estero Pocuro en el Sifon
251,5,5,1,1,1,Estero Pocuro en el Sifon
252,5,5,1,1,1,Estero Pocuro en el Sifon
253,5,5,1,1,1,Estero Pocuro en el Sifon
259,5,5,1,1,1,Estero Pocuro en el Sifon
281,5,5,1,1,1,Estero Pocuro en el Sifon
282,5,5,1,1,1,Estero Pocuro en el Sifon
308,5,5,1,1,1,Estero Pocuro en el Sifon
309,5,5,1,1,1,Estero Pocuro en el Sifon
334,5,5,1,1,1,Estero Pocuro en el Sifon
335,5,5,1,1,1,Estero Pocuro en el Sifon
360,5,5,1,1,1,Estero Pocuro en el Sifon
361,5,5,1,1,1,Estero Pocuro en el Sifon
362,5,5,1,1,1,Estero Pocuro en el Sifon
387,5,5,1,1,1,Estero Pocuro en el Sifon
388,5,5,1,1,1,Estero Pocuro en el Sifon
389,5,5,1,1,1,Estero Pocuro en el Sifon
414,5,5,1,1,1,Estero Pocuro en el Sifon
415,5,5,1,1,1,Estero Pocuro en el Sifon
416,5,5,1,1,1,Estero Pocuro en el Sifon
417,5,5,1,1,1,Estero Pocuro en el Sifon
418,5,5,1,1,1,Estero Pocuro en el Sifon
443,5,5,1,1,1,Estero Pocuro en el Sifon
445,5,5,1,1,1,Estero Pocuro en el Sifon
446,5,5,1,1,1,Estero Pocuro en el Sifon
447,5,5,1,1,1,Estero Pocuro en el Sifon
471,5,5,1,1,1,Estero Pocuro en el Sifon
472,5,5,1,1,1,Estero Pocuro en el Sifon
473,5,5,1,1,1,Estero Pocuro en el Sifon
494,5,5,1,1,1,Estero Pocuro en el Sifon
495,5,5,1,1,1,Estero Pocuro en el Sifon
496,5,5,1,1,1,Estero Pocuro en el Sifon
519,5,5,1,1,1,Estero Pocuro en el Sifon
520,5,5,1,1,1,Estero Pocuro en el Sifon
540,5,5,1,1,1,Estero Pocuro en el Sifon
541,5,5,1,1,1,Estero Pocuro en el Sifon
542,5,5,1,1,1,Estero Pocuro en el Sifon
543,5,5,1,1,1,Estero Pocuro en el Sifon
544,5,5,1,1,1,Estero Pocuro en el Sifon
545,5,5,1,1,1,Estero Pocuro en el Sifon
565,5,5,1,1,1,Estero Pocuro en el Sifon
566,5,5,1,1,1,Estero Pocuro en el Sifon
567,5,5,1,1,1,Estero Pocuro en el Sifon
568,5,5,1,1,1,Estero Pocuro en el Sifon
569,5,5,1,1,1,Estero Pocuro en el Sifon
589,5,5,1,1,1,Estero Pocuro en el Sifon
590,5,5,1,1,1,Estero Pocuro en el Sifon
611,5,5,1,1,1,Estero Pocuro en el Sifon
612,5,5,1,1,1,Estero Pocuro en el Sifon
613,5,5,1,1,1,Estero Pocuro en el Sifon
628,5,5,1,1,1,Estero Pocuro en el Sifon
629,5,5,1,1,1,Estero Pocuro en el Sifon
642,5,5,1,1,1,Estero Pocuro en el Sifon
653,5,5,1,1,1,Estero Pocuro en el Sifon
654,5,5,1,1,1,Estero Pocuro en el Sifon
655,5,5,1,1,1,Estero Pocuro en el Sifon
656,5,5,1,1,1,Estero Pocuro en el Sifon
665,5,5,1,1,1,Estero Pocuro en el Sifon
666,5,5,1,1,1,Estero Pocuro en el Sifon
667,5,5,1,1,1,Estero Pocuro en el Sifon
668,5,5,1,1,1,Estero Pocuro en el Sifon
669,5,5,1,1,1,Estero Pocuro en el Sifon
671,5,5,1,1,1,Estero Pocuro en el Sifon
677,5,5,1,1,1,Estero Pocuro en el Sifon
678,5,5,1,1,1,Estero Pocuro en el Sifon
679,5,5,1,1,1,Estero Pocuro en el Sifon
680,5,5,1,1,1,Estero Pocuro en el Sifon
683,5,5,1,1,1,Estero Pocuro en el Sifon
684,5,5,1,1,1,Estero Pocuro en el Sifon
688,5,5,1,1,1,Estero Pocuro en el Sifon
689,5,5,1,1,1,Estero Pocuro en el Sifon
690,5,5,1,1,1,Estero Pocuro en el Sifon
691,5,5,1,1,1,Estero Pocuro en el Sifon
695,5,5,1,1,1,Estero Pocuro en el Sifon
696,5,5,1,1,1,Estero Pocuro en el Sifon
698,5,5,1,1,1,Estero Pocuro en el Sifon
699,5,5,1,1,1,Estero Pocuro en el Sifon
700,5,5,1,1,1,Estero Pocuro en el Sifon
701,5,5,1,1,1,Estero Pocuro en el Sifon
703,5,5,1,1,1,Estero Pocuro en el Sifon
704,5,5,1,1,1,Estero Pocuro en el Sifon
705,5,5,1,1,1,Estero Pocuro en el Sifon
706,5,5,1,1,1,Estero Pocuro en el Sifon
707,5,5,1,1,1,Estero Pocuro en el Sifon
708,5,5,1,1,1,Estero Pocuro en el Sifon
709,5,5,1,1,1,Estero Pocuro en el Sifon
711,5,5,1,1,1,Estero Pocuro en el Sifon
712,5,5,1,1,1,Estero Pocuro en el Sifon
713,5,5,1,1,1,Estero Pocuro en el Sifon
714,5,5,1,1,1,Estero Pocuro en el Sifon
718,5,5,1,1,1,Estero Pocuro en el Sifon
719,5,5,1,1,1,Estero Pocuro en el Sifon
720,5,5,1,1,1,Estero Pocuro en el Sifon
721,5,5,1,1,1,Estero Pocuro en el Sifon
726,5,5,1,1,1,Estero Pocuro en el Sifon
136,6,6,1,1,1,Estero Pocuro en el Sifon
153,6,6,1,1,1,Estero Pocuro en el Sifon
154,6,6,1,1,1,Estero Pocuro en el Sifon
155,6,6,1,1,1,Estero Pocuro en el Sifon
175,6,6,1,1,1,Estero Pocuro en el Sifon
176,6,6,1,1,1,Estero Pocuro en el Sifon
177,6,6,1,1,1,Estero Pocuro en el Sifon
178,6,6,1,1,1,Estero Pocuro en el Sifon
199,6,6,1,1,1,Estero Pocuro en el Sifon
200,6,6,1,1,1,Estero Pocuro en el Sifon
201,6,6,1,1,1,Estero Pocuro en el Sifon
202,6,6,1,1,1,Estero Pocuro en el Sifon
203,6,6,1,1,1,Estero Pocuro en el Sifon
228,6,6,1,1,1,Estero Pocuro en el Sifon
229,6,6,1,1,1,Estero Pocuro en el Sifon
230,6,6,1,1,1,Estero Pocuro en el Sifon
254,6,6,1,1,1,Estero Pocuro en el Sifon
255,6,6,1,1,1,Estero Pocuro en el Sifon
256,6,6,1,1,1,Estero Pocuro en el Sifon
257,6,6,1,1,1,Estero Pocuro en el Sifon
258,6,6,1,1,1,Estero Pocuro en el Sifon
283,6,6,1,1,1,Estero Pocuro en el Sifon
284,6,6,1,1,1,Estero Pocuro en el Sifon
285,6,6,1,1,1,Estero Pocuro en el Sifon
286,6,6,1,1,1,Estero Pocuro en el Sifon
310,6,6,1,1,1,Estero Pocuro en el Sifon
311,6,6,1,1,1,Estero Pocuro en el Sifon
312,6,6,1,1,1,Estero Pocuro en el Sifon
336,6,6,1,1,1,Estero Pocuro en el Sifon
337,6,6,1,1,1,Estero Pocuro en el Sifon
338,6,6,1,1,1,Estero Pocuro en el Sifon
339,6,6,1,1,1,Estero Pocuro en el Sifon
340,6,6,1,1,1,Estero Pocuro en el Sifon
341,6,6,1,1,1,Estero Pocuro en el Sifon
363,6,6,1,1,1,Estero Pocuro en el Sifon
364,6,6,1,1,1,Estero Pocuro en el Sifon
365,6,6,1,1,1,Estero Pocuro en el Sifon
366,6,6,1,1,1,Estero Pocuro en el Sifon
367,6,6,1,1,1,Estero Pocuro en el Sifon
368,6,6,1,1,1,Estero Pocuro en el Sifon
369,6,6,1,1,1,Estero Pocuro en el Sifon
390,6,6,1,1,1,Estero Pocuro en el Sifon
391,6,6,1,1,1,Estero Pocuro en el Sifon
392,6,6,1,1,1,Estero Pocuro en el Sifon
393,6,6,1,1,1,Estero Pocuro en el Sifon
394,6,6,1,1,1,Estero Pocuro en el Sifon
395,6,6,1,1,1,Estero Pocuro en el Sifon
396,6,6,1,1,1,Estero Pocuro en el Sifon
397,6,6,1,1,1,Estero Pocuro en el Sifon
419,6,6,1,1,1,Estero Pocuro en el Sifon
420,6,6,1,1,1,Estero Pocuro en el Sifon
421,6,6,1,1,1,Estero Pocuro en el Sifon
422,6,6,1,1,1,Estero Pocuro en el Sifon
423,6,6,1,1,1,Estero Pocuro en el Sifon
424,6,6,1,1,1,Estero Pocuro en el Sifon
425,6,6,1,1,1,Estero Pocuro en el Sifon
448,6,6,1,1,1,Estero Pocuro en el Sifon
449,6,6,1,1,1,Estero Pocuro en el Sifon
450,6,6,1,1,1,Estero Pocuro en el Sifon
451,6,6,1,1,1,Estero Pocuro en el Sifon
452,6,6,1,1,1,Estero Pocuro en el Sifon
474,6,6,1,1,1,Estero Pocuro en el Sifon
475,6,6,1,1,1,Estero Pocuro en el Sifon
476,6,6,1,1,1,Estero Pocuro en el Sifon
477,6,6,1,1,1,Estero Pocuro en el Sifon
497,6,6,1,1,1,Estero Pocuro en el Sifon
498,6,6,1,1,1,Estero Pocuro en el Sifon
499,6,6,1,1,1,Estero Pocuro en el Sifon
500,6,6,1,1,1,Estero Pocuro en el Sifon
501,6,6,1,1,1,Estero Pocuro en el Sifon
502,6,6,1,1,1,Estero Pocuro en el Sifon
521,6,6,1,1,1,Estero Pocuro en el Sifon
522,6,6,1,1,1,Estero Pocuro en el Sifon
523,6,6,1,1,1,Estero Pocuro en el Sifon
524,6,6,1,1,1,Estero Pocuro en el Sifon
525,6,6,1,1,1,Estero Pocuro en el Sifon
526,6,6,1,1,1,Estero Pocuro en el Sifon
527,6,6,1,1,1,Estero Pocuro en el Sifon
546,6,6,1,1,1,Estero Pocuro en el Sifon
547,6,6,1,1,1,Estero Pocuro en el Sifon
548,6,6,1,1,1,Estero Pocuro en el Sifon
549,6,6,1,1,1,Estero Pocuro en el Sifon
550,6,6,1,1,1,Estero Pocuro en el Sifon
551,6,6,1,1,1,Estero Pocuro en el Sifon
570,6,6,1,1,1,Estero Pocuro en el Sifon
571,6,6,1,1,1,Estero Pocuro en el Sifon
572,6,6,1,1,1,Estero Pocuro en el Sifon
573,6,6,1,1,1,Estero Pocuro en el Sifon
574,6,6,1,1,1,Estero Pocuro en el Sifon
591,6,6,1,1,1,Estero Pocuro en el Sifon
592,6,6,1,1,1,Estero Pocuro en el Sifon
593,6,6,1,1,1,Estero Pocuro en el Sifon
594,6,6,1,1,1,Estero Pocuro en el Sifon
595,6,6,1,1,1,Estero Pocuro en el Sifon
596,6,6,1,1,1,Estero Pocuro en el Sifon
597,6,6,1,1,1,Estero Pocuro en el Sifon
614,6,6,1,1,1,Estero Pocuro en el Sifon
615,6,6,1,1,1,Estero Pocuro en el Sifon
630,6,6,1,1,1,Estero Pocuro en el Sifon
631,6,6,1,1,1,Estero Pocuro en el Sifon
643,6,6,1,1,1,Estero Pocuro en el Sifon
644,6,6,1,1,1,Estero Pocuro en el Sifon
645,6,6,1,1,1,Estero Pocuro en el Sifon
657,6,6,1,1,1,Estero Pocuro en el Sifon
658,6,6,1,1,1,Estero Pocuro en el Sifon
670,6,6,1,1,1,Estero Pocuro en el Sifon
681,6,6,1,1,1,Estero Pocuro en el Sifon
682,6,6,1,1,1,Estero Pocuro en el Sifon
692,6,6,1,1,1,Estero Pocuro en el Sifon
693,6,6,1,1,1,Estero Pocuro en el Sifon
694,6,6,1,1,1,Estero Pocuro en el Sifon
702,6,6,1,1,1,Estero Pocuro en el Sifon
710,6,6,1,1,1,Estero Pocuro en el Sifon
715,6,6,1,1,1,Estero Pocuro en el Sifon
716,6,6,1,1,1,Estero Pocuro en el Sifon
717,6,6,1,1,1,Estero Pocuro en el Sifon
722,6,6,1,1,1,Estero Pocuro en el Sifon
723,6,6,1,1,1,Estero Pocuro en el Sifon
724,6,6,1,1,1,Estero Pocuro en el Sifon
725,6,6,1,1,1,Estero Pocuro en el Sifon
727,6,6,1,1,1,Estero Pocuro en el Sifon
728,6,6,1,1,1,Estero Pocuro en el Sifon
